{
    "content_scripts": [
        "main.js"
    ], 
    "description": "UI customisations and tweaks for the web version of YNAB.", 
    "default_locale": "en", 
    "creator": "Open Source Community", 
    "name": "Toolkit for YNAB", 
    "framework_version": "1.7.9 e39b6ff2fcc8", 
    "background_scripts": [
        "background.js"
    ], 
    "homepage_url": "https://github.com/toolkit-for-ynab/toolkit-for-ynab/", 
    "version": "1.1.0", 
    "options_page": "options.html", 
    "framework_package_id": "dev", 
    "id": "lmhdkkhepllpnondndgpgclfjnlofgjl", 
    "browser_button": {
        "caption": "Toolkit for YNAB", 
        "tooltipText": "Toolkit for YNAB", 
        "icon": "icons/button.png"
    }
}